<?xml version="1.0" encoding="UTF-8"?>
<project-private xmlns="http://www.netbeans.org/ns/project-private/1">
    <editor-bookmarks xmlns="http://www.netbeans.org/ns/editor-bookmarks/2" lastBookmarkId="0"/>
    <open-files xmlns="http://www.netbeans.org/ns/projectui-open-files/2">
        <group>
            <file>file:/C:/Users/Santiago/Desktop/Gaston/Algoritmos/Obligatorio/SistemaAutogestion/src/clases/Pedido.java</file>
            <file>file:/C:/Users/Santiago/Desktop/Gaston/Algoritmos/Obligatorio/SistemaAutogestion/src/tads/ColaNodo.java</file>
            <file>file:/C:/Users/Santiago/Desktop/Gaston/Algoritmos/Obligatorio/SistemaAutogestion/src/clases/Cliente.java</file>
            <file>file:/C:/Users/Santiago/Desktop/Gaston/Algoritmos/Obligatorio/SistemaAutogestion/src/clases/Linea.java</file>
            <file>file:/C:/Users/Santiago/Desktop/Gaston/Algoritmos/Obligatorio/SistemaAutogestion/src/clases/Producto.java</file>
            <file>file:/C:/Users/Santiago/Desktop/Gaston/Algoritmos/Obligatorio/SistemaAutogestion/src/sistemaAutogestion/Sistema.java</file>
        </group>
    </open-files>
</project-private>
